Index,Title,Technosignature Type,PDF Link,Summary,Date added
1,The CARMENES search for exoplanets around M dwarfs. Cluster analysis of signals from spectral activity indicators to search for shared periods,Other,https://arxiv.org/pdf/2504.08363v1,Uses clustering to find shared periodicities among CARMENES spectral activity indicators to recover stellar rotation periods for M dwarfs.,
2,Precise radial velocities of giant stars -- XVII. Distinguishing planets from intrinsically induced radial velocity signals in evolved stars,Other,https://arxiv.org/pdf/2504.09087v1,Long-term radial-velocity monitoring of giant stars to distinguish true exoplanet signals from intrinsic stellar variability.,
3,Luminis Stellarum et Machina: Applications of Machine Learning in Light Curve Analysis,Other,https://arxiv.org/pdf/2504.10038v1,"Survey of machine learning methods applied to light curve analysis for exoplanet, variable star, and supernova detection.",
4,Probing the Outskirts of M Dwarf Planetary Systems with a Cycle 1 JWST NIRCam Coronagraphy Survey,Other,https://arxiv.org/pdf/2504.11659v1,JWST NIRCam coronagraphy survey of young M dwarfs probing wide-orbit sub-Jupiter mass planets and debris disks.,
5,Radiative Flux from a High-Resolution Atmospheric Dynamics Simulation of a Hot-Jupiter for JWST and Ariel,Other,https://arxiv.org/pdf/2504.11679v1,Models radiative flux and variability of a hot Jupiter's atmosphere for JWST and Ariel observation planning.,
6,Planetary albedo is limited by the above-cloud atmosphere - Implications for sub-Neptune climate,Other,https://arxiv.org/pdf/2504.12030v1,"Shows planetary albedo is capped by the above-cloud atmosphere, complicating claims of a habitable ocean on K2-18b.",
7,Unraveling the origin of giant exoplanets -- Observational implications of convective mixing,Other,https://arxiv.org/pdf/2504.12118v1,Simulates how convective mixing in giant planet atmospheres encodes information about their primordial formation state.,
8,Evidence for a polar circumbinary exoplanet orbiting a pair of eclipsing brown dwarfs,Other,https://arxiv.org/pdf/2504.12209v1,Reports strong evidence for a rare polar circumbinary exoplanet orbiting a pair of eclipsing brown dwarfs.,
9,New Constraints on DMS and DMDS in the Atmosphere of K2-18 b from JWST MIRI,Other,https://arxiv.org/pdf/2504.12267v1,New JWST MIRI mid-infrared spectrum of K2-18b provides independent evidence for the possible biosignature gases DMS/DMDS.,
10,Evolving Atmospheric Ion Escape from Kepler-1649 b and c: Power-Law Trends in Atmospheric Loss,Other,https://arxiv.org/pdf/2504.12541v1,Models long-term atmospheric ion escape from the two Kepler-1649 terrestrial planets under stellar wind and UV exposure.,
11,High-Time-Cadence Spectroscopy and Photometry of Stellar Flares on M-dwarf YZ Canis Minoris with Seimei Telescope and TESS. II. Statistical Properties of Blue/Red Asymmetries in the Halpha Line,Other,https://arxiv.org/pdf/2504.12645v1,Statistical study of blue/red H-alpha asymmetries from stellar flares on the M-dwarf YZ Canis Minoris.,
12,De-jittering Ariel - an optimized algorithm,Other,https://arxiv.org/pdf/2504.12907v2,Describes an improved algorithm to remove spacecraft-jitter noise from simulated Ariel exoplanet transit observations.,
13,Prospects for Detecting Signs of Life on Exoplanets in the JWST Era,Other,https://arxiv.org/pdf/2504.12946v2,Reflects on JWST's early results and challenges in the search for biosignature gases on exoplanets.,
14,Exoplaneteers Keep Calling Plots Allan Variance Plots When They Arent,Other,https://arxiv.org/pdf/2504.13238v1,Commentary noting that many exoplanet papers mislabel a standard-deviation-vs-bin-size plot as an 'Allan variance' plot.,
15,Quantifying the Limits of TESS Stellar Rotation Measurements with the K2-TESS Overlap,Other,https://arxiv.org/pdf/2504.13262v1,Cross-matches TESS and K2 stellar rotation periods to quantify the reliability limits of TESS-derived rotation measurements.,
16,"A Revised Density Estimate for the Largest Known Exoplanet, HAT-P-67 b",Other,https://arxiv.org/pdf/2504.13997v2,"Revises the mass and density of the puffy hot Saturn HAT-P-67 b, finding it is losing its atmosphere and will be engulfed.",
17,Refractory phosphorus in the HD 100546 protoplanetary disk,Other,https://arxiv.org/pdf/2504.14228v1,Measures the phosphorus budget in the HD 100546 protoplanetary disk to constrain planetary habitability chemistry.,
18,Upper limits on CN from exocomets transiting beta Pictoris,Other,https://arxiv.org/pdf/2504.14299v1,"Searches HARPS spectra of exocomets transiting Beta Pictoris for cyanogen gas, reporting only an upper limit.",
19,Stringent Limits on H3+ Emission from the Hot Jupiters WASP-80b and WASP-69b,Other,https://arxiv.org/pdf/2504.15393v1,Keck spectroscopy sets stringent non-detection limits on infrared auroral H3+ emission from two hot Jupiters.,
20,Plasma Mechanism of Radio Emission Generation at the Bow Shock of the Exoplanet HD 189733b,Other,https://arxiv.org/pdf/2504.15787v1,Models a plasma mechanism by which the bow shock of hot Jupiter HD 189733b could generate detectable radio emission.,
21,Identifying eclipsing binary stars with TESS data based on a new hybrid deep learning model,Other,https://arxiv.org/pdf/2504.15875v1,Hybrid deep-learning model (CALNet) identifies thousands of new eclipsing binary stars in TESS light curves.,
22,Are there Spectral Features in the MIRI-LRS Transmission Spectrum of K2-18b,Other,https://arxiv.org/pdf/2504.15916v1,Re-analysis finds no strong statistical evidence for the claimed spectral features in K2-18b's MIRI transmission spectrum.,
23,Uncertainties in the Inference of Internal Structure - The Case of TRAPPIST-1 f,Other,https://arxiv.org/pdf/2504.16201v1,Quantifies how model assumptions versus observational precision drive uncertainty in TRAPPIST-1 f's inferred water content.,
24,Gas-phase formation routes of dimethyl sulfide in the interstellar medium,Other,https://arxiv.org/pdf/2504.16236v1,Quantum/kinetics calculations identify abiotic gas-phase routes that form dimethyl sulfide in interstellar molecular clouds.,
25,MHD Simulations Preliminarily Predict The Habitability and Radio Emission of TRAPPIST-1e,Other,https://arxiv.org/pdf/2504.16662v1,MHD simulations predict how space weather shapes the habitability and radio emission of TRAPPIST-1e's magnetosphere.,
26,"Thermal Evolution and Mass Loss on Short-Period, Low-Mass Planets During FU Orionis Outbursts",Other,https://arxiv.org/pdf/2504.16772v1,Models how FU Orionis stellar outbursts can vaporize and strip mass from short-period low-mass planets.,
27,Thermal Emission and Confirmation of the Frigid White Dwarf Exoplanet WD 1856+534b,Other,https://arxiv.org/pdf/2504.16982v1,"JWST MIRI detects thermal emission confirming WD 1856+534b as a cold, intact planet orbiting a white dwarf.",
28,Towards understanding stellar variability at the sub m-s level - Isolating granulation signals in synthetic spectral lines,Other,https://arxiv.org/pdf/2504.17011v1,Uses 3D simulations to isolate stellar granulation signals from spectral lines to reduce noise in exoplanet radial-velocity searches.,
29,The tidal heating of the exoplanet 55 Cnc e - The role of the orbital eccentricity,Other,https://arxiv.org/pdf/2504.17585v1,Tidal heating models suggest an unseen resonant planet may explain 55 Cancri e's nonzero orbital eccentricity.,
30,Ice Giants,Other,https://arxiv.org/pdf/2504.18219v1,"Review of current knowledge on the interior structure, magnetic fields, and formation of Uranus and Neptune.",
31,A transiting rocky super-Earth and a non-transiting sub-Neptune orbiting the M dwarf TOI-771,Other,https://arxiv.org/pdf/2504.18223v2,Characterizes a rocky super-Earth and non-transiting sub-Neptune orbiting the M dwarf TOI-771 using TESS and ESPRESSO data.,
32,Life on the Edge - Using Planetary Context to Enhance Biosignatures and Avoid False Positives,Other,https://arxiv.org/pdf/2504.18431v1,Proposes 'peribiosignatures' and argues searching the edges of the habitable zone may better validate biosignature claims.,
33,Validation of the ESPRESSO Wavelength Calibration Using Iodine Absorption Cell Spectra,Other,https://arxiv.org/pdf/2504.18485v1,Uses an iodine absorption cell to validate ESPRESSO's radial-velocity wavelength calibration at the few-cm/s level.,
34,Peeking under the clouds - Is exoplanet imaging with the solar gravitational lens feasible,Other,https://arxiv.org/pdf/2504.18630v1,Finds that variable cloud cover would substantially degrade exoplanet images obtained via the solar gravitational lens.,
35,A Search for Exoplanet Candidates in TESS 2-min Light Curves using Joint Bayesian Detection,Other,https://arxiv.org/pdf/2504.18706v1,"Applies a joint Bayesian transit detector to TESS light curves, recovering known planets and searching for new candidates.",
36,"A Next-Generation Exoplanet Atmospheric Retrieval Framework for Transmission Spectroscopy (NEXOTRANS) - Comparative Characterization for WASP-39 b Using JWST NIRISS, NIRSpec PRISM, and MIRI Observations",Other,https://arxiv.org/pdf/2504.18815v1,"Introduces NEXOTRANS, a hybrid Bayesian/machine-learning retrieval framework, to characterize WASP-39 b's JWST transmission spectrum.",
37,"SHINS, the SHARK-NIR Instrument Control Software",Other,https://arxiv.org/pdf/2504.19709v1,"Describes SHINS, the control software for the SHARK-NIR high-contrast direct-imaging instrument at the LBT.",
38,The Cosmic Shoreline Revisited - A Metric for Atmospheric Retention Informed by Hydrodynamic Escape,Other,https://arxiv.org/pdf/2504.19872v1,Revisits the 'cosmic shoreline' relation using hydrodynamic escape models to predict which rocky exoplanets retain atmospheres.,
39,Lightning activity on a tidally locked terrestrial exoplanet in storm-resolving simulations for a range of surface pressures,Other,https://arxiv.org/pdf/2504.19883v1,Storm-resolving climate simulations predict lightning frequency and distribution on a tidally locked terrestrial exoplanet.,
40,Microlensing events indicate that super-Earth exoplanets are common in Jupiter-like orbits,Other,https://arxiv.org/pdf/2504.20158v1,"Microlensing survey finds super-Earths on Jupiter-like wide orbits are common, roughly 0.35 per star.",
41,Planets Across Space and Time (PAST). VI. Age Dependence of the Occurrence and Architecture of Ultra-Short-Period Planet Systems,Other,https://arxiv.org/pdf/2504.20986v1,Finds ultra-short-period planet occurrence and system architecture evolve over Gyr timescales via tidal migration.,
42,Ground to Dust - Collisional Cascades and the Fate of Kardashev II Megaswarms,Infrastructure,https://arxiv.org/pdf/2504.21151v1,"Shows that Dyson-swarm-like 'megaswarms' around stars are prone to rapid collisional cascades, making them short-lived technosignatures without upkeep.",
43,Biases from Missing a Small Planet in High Multiplicity Systems,Other,https://arxiv.org/pdf/2504.21763v1,"Shows that failing to detect one planet in a multi-planet system biases inferred spacing regularity, not mass similarity.",
44,The Challenges of Detecting Gases in Exoplanet Atmospheres,Other,https://arxiv.org/pdf/2504.21788v1,Shows claimed biosignature gas detections in K2-18b's spectrum vanish once a wider space of atmospheric models is tested.,
45,Polka-dotted Stars - a Hierarchical Model for Mapping Stellar Surfaces Using Occultation Light Curves and the Case of TOI-3884,Other,https://arxiv.org/pdf/2504.21852v1,New Bayesian framework maps starspot properties on TOI-3884 using spot-crossing events during planetary transits.,
46,Quantifying the Fermi paradox via passive SETI - a general framework,Signals,https://arxiv.org/pdf/2505.00062v1,Builds a geometrical/Drake-equation framework to quantify the Fermi paradox from the probability of detecting at least one extraterrestrial EM signal via passive SETI.,
47,Quantum-inspired exoplanet detection in the presence of experimental imperfections,Other,https://arxiv.org/pdf/2505.00064v1,"Analyzes quantum-optimal spatial demultiplexing (SPADE) for exoplanet detection under realistic noise, finding it remains the most efficient method in the sub-Rayleigh regime.",
48,Can Close-In Exoplanets form by Pebble Accretion,Other,https://arxiv.org/pdf/2505.00090v1,"Models how pebble accretion parameters (turbulence, metallicity, stellar mass) influence the growth of close-in exoplanets within 1 au.",
49,Reconstructing the Free-floating Planet Mass Function with the Nancy Grace Roman Space Telescope,Other,https://arxiv.org/pdf/2505.00092v1,Studies the Nancy Grace Roman Space Telescope's ability to reconstruct the mass function of free-floating planets via population-level statistical inference.,
50,Instrumentation prospects for rocky exoplanet atmospheres studies with high resolution spectroscopy,Other,https://arxiv.org/pdf/2505.01102v1,Reviews ground-based high-resolution spectroscopy instrumentation prospects for detecting biosignature gases like O2 in rocky exoplanet atmospheres.,
51,Benchmark stars for mean stellar density and surface gravity estimates of solar-type stars,Other,https://arxiv.org/pdf/2505.01154v1,Compiles benchmark solar-type stars with precise mean stellar density and surface gravity measurements to calibrate exoplanet radius estimates.,
52,Bridging the Atmospheric Circulations of Hot and Warm Giant Exoplanets,Other,https://arxiv.org/pdf/2505.01397v1,Compares high-resolution atmospheric circulation simulations of tidally-locked hot and warm giant exoplanets KELT-11b and WASP-39b.,
53,Seismic Oscillations Excited by Giant Impacts in Directly-Imaged Giant Planets,Other,https://arxiv.org/pdf/2505.01496v1,"Shows giant impacts on young directly-imaged giant planets excite long-lived seismic oscillations detectable via photometry, illustrated with Beta Pictoris b.",
54,Comparative Biosignatures,Other,https://arxiv.org/pdf/2505.01512v1,Proposes a comparative multi-planet approach to define an 'abiotic baseline' for identifying genuine biosignatures across planets in the same system.,
55,From Tides to Currents - Unraveling the Mechanism That Powers WASP-107b's Internal Heat Flux,Other,https://arxiv.org/pdf/2505.01581v1,"Proposes Ohmic dissipation from atmospheric zonal flows and magnetic fields, rather than tidal heating alone, as the source of WASP-107b's internal heat flux.",
56,Closeby Habitable Exoplanet Survey (CHES). IV. Synergy between astrometry and direct imaging missions of the Habitable World Observatory for detecting Earth-like planets,Other,https://arxiv.org/pdf/2505.02818v1,Evaluates synergy between CHES astrometry and Habitable Worlds Observatory direct imaging for improving detection of Earth-like planets.,
57,Self-limited tidal heating and prolonged magma oceans in the L 98-59 system,Other,https://arxiv.org/pdf/2505.03604v1,Models self-limiting tidal heating and prolonged magma oceans in the L 98-59 rocky exoplanet system via a radiation-tide-rheology feedback.,
58,Discovery of resonating integration modes in triple-mode high-amplitude delta Scuti stars - A new evolutionary phase indicator,Other,https://arxiv.org/pdf/2505.03653v2,Reports discovery of resonating integration modes in triple-mode high-amplitude delta Scuti stars as a new stellar evolutionary phase indicator.,
59,Statistical geochemical constraints on present-day water outgassing as a source of secondary atmospheres on the TRAPPIST-1 exoplanets,Other,https://arxiv.org/pdf/2505.03672v1,Uses geochemical modeling to constrain present-day water outgassing rates as a source of secondary atmospheres on the TRAPPIST-1 planets.,
60,Young Planets around Young Accreting Stars - I. Migration and Inner Stalling Orbits,Other,https://arxiv.org/pdf/2505.03701v1,"Simulates migration mechanisms of young planets in turbulent MHD protoplanetary disks, finding many planets stall near the magnetospheric truncation radius.",
61,Effects of transient stellar emissions on planetary climates of tidally-locked exo-earths,Other,https://arxiv.org/pdf/2505.03723v1,Uses 3D climate models with interactive photochemistry to simulate how stellar flares and energetic particles affect the atmosphere and climate of tidally-locked TRAPPIST-1e-like exoplanets.,
62,Minimizing Star Spot Contamination of Exoplanet Transit Spectroscopy Using Alternate Normalization,Other,https://arxiv.org/pdf/2505.03881v1,Develops an alternate spectral normalization method to reduce star-spot contamination noise in transit spectroscopy searches for biosignature molecules around M-dwarfs.,
63,Using anomaly detection to search for technosignatures in Breakthrough Listen observations,Signals,https://arxiv.org/pdf/2505.03927v1,"Applies machine learning anomaly detection to Breakthrough Listen radio observations of hundreds of stars, visually inspecting ~20,000 top candidates with no technosignature surviving scrutiny.",
64,The Eccentricity Distribution of Warm Sub-Saturns in TESS,Other,https://arxiv.org/pdf/2505.04106v1,"Derives the eccentricity distribution of warm sub-Saturn exoplanets from TESS transit light curves, finding a population of highly eccentric planets suggestive of high-eccentricity migration.",
65,A Detailed Investigation of HD 209458 b HST and JWST Transmission Spectra with SANSAR,Other,https://arxiv.org/pdf/2505.04413v1,"Uses the new SANSAR retrieval framework to reanalyze HD 209458 b's HST and JWST transmission spectra, finding combined optical-to-infrared data needed for robust metallicity constraints.",
66,No Planet around the K Giant Star 42 Draconis,Other,https://arxiv.org/pdf/2505.05260v1,"Uses 15 years of radial velocity and photometric monitoring to conclusively rule out a previously claimed giant planet around the K giant star 42 Draconis, attributing signals to stellar oscillations.",
67,Effects of Jump Detection and Ramp Fitting Algorithms on NIRISS-SOSS Exoplanet Time-Series Observations,Other,https://arxiv.org/pdf/2505.05571v1,"Compares JWST data reduction algorithms for jump detection and ramp fitting, finding a new likelihood-based method improves NIRISS/SOSS exoplanet transmission spectra accuracy.",
68,Peekaboo - Secular Resonances from Evolving Stellar Oblateness Impede Transit Detection,Other,https://arxiv.org/pdf/2505.05680v1,"Shows sweeping secular resonances from evolving stellar oblateness can misalign inner planets, reducing the observed rate of multi-planet transiting systems like Kepler-619.",
69,Search for Exoplanetary Ring Systems with TESS,Other,https://arxiv.org/pdf/2505.05948v1,"Systematically searches 308 TESS giant planet candidates for exoplanetary ring systems, finding no conclusive detections and setting upper limits on ring occurrence rates.",
70,Metal-Enriched Atmospheres in Warm (Super- and Sub-)Neptunes Induced by Extreme Atmospheric Escape,Other,https://arxiv.org/pdf/2505.06013v1,"Models how billions of years of atmospheric escape enrich metal abundances in warm super/sub-Neptune atmospheres, complicating interpretation of their formation history from observed compositions.",
71,A Machine-Learning Compositional Study of Exoplanetary Material Accreted Onto Five Helium-Atmosphere White Dwarfs with cecilia,Other,https://arxiv.org/pdf/2505.06228v1,"Applies a new machine learning pipeline to determine the composition of exoplanetary material accreted onto five helium-atmosphere white dwarfs, finding compositions broadly consistent with chondritic material.",
72,TESS Investigation -- Demographics of Young Exoplanets (TI-DYE) III - an inner super-Earth in TOI-2076,Other,https://arxiv.org/pdf/2505.06358v1,Reports discovery of a small inner super-Earth in the young multi-planet TOI-2076 system and updates the system's age using rotation and lithium diagnostics.,
73,Hydrogen-rich hydrate at high pressures up to 104 GPa,Other,https://arxiv.org/pdf/2505.07091v1,"Uses X-ray diffraction and Raman spectroscopy to identify a new hydrogen-rich hydrate phase at pressures up to 104 GPa, relevant to the interiors of icy giant planets.",
74,WISE 12 micron search for exozodi candidates within 10 parsecs,Other,https://arxiv.org/pdf/2505.07602v1,"Searches WISE 12-micron photometry for exozodiacal dust around stars within 10 parsecs, finding candidate excesses are more likely brown dwarf photosphere effects than true exozodi.",
75,Clouds can enhance direct imaging detection of O2 and O3 on terrestrial exoplanets,Other,https://arxiv.org/pdf/2505.07760v1,"Uses simulated direct-imaging observations to show clouds generally enhance the detectability of O2 and O3 biosignatures on terrestrial exoplanets, aiding future HWO observations.",
76,Three-dimensional Orbit and Dynamical Masses of GJ 105 AC,Other,https://arxiv.org/pdf/2505.08042v1,Presents an updated orbital analysis and precise dynamical masses for the benchmark binary star system GJ 105 AC.,
77,viper - High-precision radial velocities from the optical to the infrared,Other,https://arxiv.org/pdf/2505.08315v1,"Introduces viper, a radial-velocity pipeline achieving high precision from optical to infrared wavelengths via telluric modelling, demonstrated with CRIRES+.",
78,GRIP - a generic data reduction package for nulling interferometry,Other,https://arxiv.org/pdf/2505.08337v1,"Introduces GRIP, an open-source data reduction toolbox for nulling interferometry used to detect exoplanets and circumstellar dust.",
79,CHEOPS Ground Segment - Systems and Automation for Mission and Science Operations,Other,https://arxiv.org/pdf/2505.08352v1,Describes the CHEOPS mission's ground segment systems and automation framework for exoplanet-focused photometric operations.,
80,Water ice in the debris disk around HD 181327,Other,https://arxiv.org/pdf/2505.08863v1,"Reports JWST detection of water ice in the HD 181327 debris disk, revealing an exo-Kuiper belt analog to our solar system's icy bodies.",
81,The atmospheres of rocky exoplanets III. Using atmospheric spectra to constrain surface rock composition,Other,https://arxiv.org/pdf/2505.08883v1,Links observable atmospheric transit spectra to the mineralogical surface composition of rocky exoplanets using equilibrium chemistry models.,
82,Exoplanet atmospheres at high spectral resolution,Other,https://arxiv.org/pdf/2505.08926v1,"Reviews high-resolution spectroscopy techniques and findings for characterizing exoplanet atmospheres, from chemistry to atmospheric escape.",
83,NeurIPS 2024 Ariel Data Challenge - Characterisation of Exoplanetary Atmospheres Using a Data-Centric Approach,Other,https://arxiv.org/pdf/2505.08940v1,Describes a data-centric machine learning approach for the NeurIPS 2024 Ariel Data Challenge on exoplanet atmosphere characterization.,
84,"Searching for GEMS - Confirmation of TOI-5573b, a Cool, Saturn-like Planet Orbiting An M-dwarf",Other,https://arxiv.org/pdf/2505.08947v1,"Confirms TOI-5573b, a cool Saturn-like exoplanet orbiting an M-dwarf, using TESS photometry and radial velocity data.",
85,Architecture of Tianyu Software - Relative Photometry as a Case Study,Other,https://arxiv.org/pdf/2505.09107v2,"Describes the software architecture of the Tianyu telescope pipeline, demonstrating scalable relative photometry for detecting transiting exoplanets and variable stars.",
86,TASSIE - a TASmanian Search for Inclined Exoplanets,Other,https://arxiv.org/pdf/2505.09185v1,Presents pilot results from the TASSIE program validating five TESS exoplanet candidates using photometry and spectroscopy from a Tasmanian observatory.,
87,An Analytical Model of Wavelength-dependent Opposition Surge in Emittance and Reflectance Spectroscopy of Airless Rocky Exoplanets,Other,https://arxiv.org/pdf/2505.09307v1,Proposes an analytical model for wavelength-dependent opposition surge effects in reflectance/emittance spectroscopy of airless rocky exoplanets.,
88,The vertical structure of debris discs and the role of disc gravity,Other,https://arxiv.org/pdf/2505.09578v1,Models how disc self-gravity affects the vertical structure and warping of debris discs perturbed by an inclined planet.,
89,Diversity of Exoplanets,Other,https://arxiv.org/pdf/2505.09754v1,"Reviews the observed compositional diversity of low-mass exoplanets (super-Earths, mini-Neptunes) and what it reveals about planet formation.",
90,Open Source High-Resolution Exoplanet Atmosphere Retrievals with POSEIDON,Other,https://arxiv.org/pdf/2505.09933v1,"Presents POSEIDON, an open-source framework for high-resolution exoplanet atmosphere retrievals, validated on WASP-77Ab and WASP-121b.",
91,"The Hot-Neptune Initiative (HONEI) I. Two hot sub-Neptunes on a close-in, eccentric orbit (TOI-5800 b) and a farther-out, circular orbit (TOI-5817 b)",Other,https://arxiv.org/pdf/2505.10123v1,"Confirms two hot sub-Neptune exoplanets, TOI-5800b and TOI-5817b, via radial velocity follow-up as part of the HONEI program.",
92,Non-transiting exoplanets as a means to understand star-planet interactions in close-in systems,Other,https://arxiv.org/pdf/2505.10135v1,"Searches Kepler data for close-in non-transiting substellar companions, identifying 88 candidate systems useful for studying star-planet tidal/magnetic interactions.",
93,Retrieving interior properties of hot Jupiters with Love numbers and atmospheric measurements,Other,https://arxiv.org/pdf/2505.10304v1,Develops a retrieval framework using Love numbers and atmospheric metallicity to constrain the interior structure and core mass of hot Jupiters.,
94,A Systematic Search for Trace Molecules in Exoplanet K2-18 b,Other,https://arxiv.org/pdf/2505.10539v1,"Conducts an agnostic search across 650 molecules in K2-18 b's JWST spectrum, finding weak evidence for a few biogenic gases beyond the previously reported DMS.",
95,Roman Observations Time Allocation Committee - Final Report and Recommendations,Other,https://arxiv.org/pdf/2505.10574v1,Reports the Roman Observations Time Allocation Committee's final recommendations for the Nancy Grace Roman Space Telescope's core community surveys.,
96,Exoplanet Detection with Microlensing,Other,https://arxiv.org/pdf/2505.10621v1,"Reviews the microlensing method for detecting wide-orbit, solar-system-analog exoplanets, highlighting the upcoming Roman Space Telescope's role.",
97,Interior and Climate Modeling of the Venus Zone Planet TOI-2285 b,Other,https://arxiv.org/pdf/2505.10647v1,"Models the interior and climate of Venus Zone planet TOI-2285 b, finding temperate scenarios consistent with its known properties despite a likely steam atmosphere.",
98,Cloudy mornings and clear evenings on a giant extrasolar world,Other,https://arxiv.org/pdf/2505.10910v1,"Reports detection of limb asymmetry in WASP-94A b's atmosphere, with clouds on the cooler morning limb and clear skies on the hotter evening limb.",
99,"High-resolution, high-efficiency narrowband spectroscopy with an s-p-phased holographic grating in double pass",Other,https://arxiv.org/pdf/2505.11147v1,"Demonstrates a high-throughput holographic grating design for high-resolution narrowband spectroscopy, relevant to exoplanet radial velocity and atmospheric instruments.",
100,Absence of a Runaway Greenhouse Limit on Lava Planets,Other,https://arxiv.org/pdf/2505.11149v1,"Shows multi-component outgassed atmospheres on lava planets lack the runaway greenhouse thermal limit seen in pure-steam models, challenging the classical habitable zone definition.",
101,Modelling helium in exoplanet atmospheres. A revised network with photoelectron-driven processes,Other,https://arxiv.org/pdf/2505.12148v1,"Revises the chemical network modeling helium absorption in exoplanet atmospheres to include photoelectron-driven processes, applied to GJ 436 b.",
102,Inclusion of sulfur chemistry in a validated C-H-O-N chemical network - identification of key C-S coupling pathways,Other,https://arxiv.org/pdf/2505.12152v1,Develops a validated sulfur-inclusive C/H/O/N chemical network to model photochemistry and abundance profiles in exoplanet atmospheres like WASP-39b and WASP-107b.,
103,gr8stars I - A homogeneous spectroscopic study of bright FGKM dwarfs and a public library of their high-resolution spectra,Other,https://arxiv.org/pdf/2505.12945v1,"Presents gr8stars, a homogeneous spectroscopic survey and public spectral library of bright FGKM dwarf stars relevant to exoplanet host characterization.",
104,A planetary-mass candidate imaged in the Young Suns Exoplanet Survey,Other,https://arxiv.org/pdf/2505.13295v1,Reports a directly imaged planetary-mass candidate companion at a very wide separation (730 au) discovered by the Young Suns Exoplanet Survey.,
105,"A Panchromatic Characterization of the Evening and Morning Atmosphere of WASP-107 b - Composition and Cloud Variations, and Insight into the Effect of Stellar Contamination",Other,https://arxiv.org/pdf/2505.13602v1,"Characterizes evening/morning limb composition and cloud variation on WASP-107 b using JWST, and models stellar contamination effects on the measurements.",
106,Effects of Ultraviolet Radiation on Sub-Neptune Exoplanet Hazes Through Laboratory Experiments,Other,https://arxiv.org/pdf/2505.13692v1,Presents lab experiments showing UV radiation from stellar flares alters and degrades photochemical hazes on sub-Neptune exoplanets.,
107,Can thermodynamic equilibrium be established in planet-forming disks,Other,https://arxiv.org/pdf/2505.13705v1,"Develops a new chemical network (ChaiTea) to test whether thermodynamic equilibrium can be established in the warm, dense inner regions of planet-forming disks.",
108,"CORALIE radial-velocity search for companions around evolved stars (CASCADES) IV - New planetary systems around HD 87816, HD 94890, and HD 102888 and an update on HD 121056",Other,https://arxiv.org/pdf/2505.14317v1,"Reports discovery of five new massive exoplanets around evolved giant stars HD 87816, HD 94890, and HD 102888 via CORALIE radial-velocity monitoring.",
109,Modern Earth-like Chemical Disequilibrium Biosignatures Are Challenging To Constrain Through Spectroscopic Retrievals,Other,https://arxiv.org/pdf/2505.16231v1,Uses atmospheric retrievals to assess how detectable chemical disequilibrium biosignatures (available Gibbs free energy) are for a modern Earth-like exoplanet analog.,
110,Abiotic Ozone in the Observable Atmospheres of Venus and Venus-like Exoplanets,Other,https://arxiv.org/pdf/2505.16543v1,"Uses photochemical modeling to show Venus's abiotic mesospheric ozone arises from an unknown chemical pathway, warning of ozone biosignature false positives on Venus-like exoplanets.",
111,Is Ozone a Reliable Proxy for Molecular Oxygen II. The impact of N2O on the O2-O3 relationship for Earth-like atmospheres,Other,https://arxiv.org/pdf/2505.23279v1,"Models how nitrous oxide abundance affects the O2-O3 relationship across different host star types, complicating the use of ozone as an oxygen biosignature proxy.",
112,An Exploratory Framework for Future SETI Applications - Detecting Generative Reactivity via Language Models,Signals,https://arxiv.org/pdf/2506.02730v1,"Proposes using language models to detect 'generative reactivity' in noise-like signals (e.g., whale/bird vocalizations) as a novel complementary SETI signal-screening method.",
113,The Diversity of Exoplanetary Environments and the Search for Signs of Life Beyond Earth,Other,https://arxiv.org/pdf/2506.11690v1,"Reviews the diversity of exoplanetary environments where life could plausibly exist, including alternative solvents, cloud biospheres, and metal-ion requirements for biochemistry.",
114,Breakthrough Listen - A Technosignature Search Around 27 Eclipsing Exoplanets Selected from the Transiting Exoplanet Survey Satellite Catalogue,Signals,https://arxiv.org/pdf/2506.13459v1,"Reports a Breakthrough Listen radio technosignature search around 27 eclipsing TESS exoplanets using Parkes telescope data, finding no signals beyond terrestrial RFI.",
115,Application of a modified commercial laser mass spectrometer as a science analog of the Mars Organic Molecule Analyzer (MOMA),Other,https://arxiv.org/pdf/2506.14691v1,Presents a benchtop laser mass spectrometer analog of the Mars MOMA instrument for validating organic biosignature detection ahead of the Rosalind Franklin rover mission.,
116,SETI@home - Data Acquisition and Front-End Processing,Signals,https://arxiv.org/pdf/2506.14718v1,Describes SETI@home's distributed-computing front-end data acquisition and processing pipeline for radio technosignature searches at Arecibo Observatory (1998-2020).,
117,SETI@home - Data Analysis and Findings,Signals,https://arxiv.org/pdf/2506.14737v1,"Describes SETI@home's second-stage analysis of 14 years of Arecibo radio data, covering RFI removal and ranking of technosignature candidates for follow-up with FAST.",
118,Technosignature Searches with Real-time Alert Brokers,Signals,https://arxiv.org/pdf/2506.14744v1,"Explores using real-time astronomical alert brokers (ZTF, upcoming LSST) to conduct optical and temporal SETI searches, including planetary transit zone and SETI Ellipsoid methods.",
119,Possibilities for SETI at High Energy,Signals,https://arxiv.org/pdf/2506.16351v1,"White paper reviewing the rationale, challenges, and possible technosignatures for high-energy SETI searches in X-rays, gamma rays, and neutrinos.",
120,Detecting Land with Reflected Light Spectroscopy to Rule Out Waterworld O2 Biosignature False Positives,Other,https://arxiv.org/pdf/2506.21790v1,"Shows reflected-light spectroscopy with the Habitable Worlds Observatory could detect exposed land on exo-Earths, ruling out waterworld O2 biosignature false positives.",
121,Detecting Land with Reflected Light Spectroscopy to Rule Out Waterworld O2 Biosignature False Positives,Other,https://arxiv.org/pdf/2506.21790v2,"Shows reflected-light spectroscopy with the Habitable Worlds Observatory could detect exposed land on exo-Earths, ruling out waterworld O2 biosignature false positives.",
122,Prebiosignatures with the Habitable Worlds Observatory (HWO),Other,https://arxiv.org/pdf/2507.00165v1,Proposes searching for 'prebiosignature gases' with the Habitable Worlds Observatory to test theories of abiogenesis even where detectable life is rare.,
123,Sub-Neptunes Are Drier Than They Seem - Rethinking the Origins of Water-Rich Worlds,Other,https://arxiv.org/pdf/2507.00765v1,"Models chemical equilibration between primordial atmospheres and magma oceans, showing most sub-Neptunes lose their accreted water and don't qualify as Hycean planets.",
124,Detecting alien living worlds and photosynthetic life using imaging polarimetry with the HWO coronagraph,Other,https://arxiv.org/pdf/2507.03819v1,Proposes HWO coronagraph imaging polarimetry surveys to detect photosynthetic biosignatures via linear/circular polarization signatures of biopigments on exoplanets.,
125,Detecting alien living worlds and photosynthetic life using imaging polarimetry with the HWO coronagraph,Other,https://arxiv.org/pdf/2507.03819v2,Proposes HWO coronagraph imaging polarimetry surveys to detect photosynthetic biosignatures via linear/circular polarization signatures of biopigments on exoplanets.,
126,SETI Post-Detection Futures - Directions for Technosignature Research and Readiness,Signals,https://arxiv.org/pdf/2507.11587v1,"White paper on SETI post-detection readiness, recommending NASA investment in interdisciplinary infrastructure for handling a potential technosignature detection.",
127,A water-rich interior in the temperate sub-Neptune K2-18 b revealed by JWST,Other,https://arxiv.org/pdf/2507.12622v1,"Uses new JWST/NIRSpec transit spectra of K2-18 b to robustly detect CH4 and CO2, establishing a water-rich interior while finding only marginal DMS/CH3SH signals.",
128,Wavelength Requirements for Life Detection via Reflected Light Spectroscopy of Rocky Exoplanets,Other,https://arxiv.org/pdf/2507.14771v1,Determines the near-UV to near-infrared wavelength coverage HWO needs to contextualize O2/CH4 biosignatures and rule out false positives on rocky exoplanets.,
129,From Extraterrestrial Microbes to Alien Intelligence - Rebalancing Astronomical Research Priorities,Signals,https://arxiv.org/pdf/2507.17790v1,"Argues for rebalancing NASA funding toward extraterrestrial intelligence/technosignature research, citing the funding gap relative to biosignature missions like HWO.",
130,NASA Exoplanet Exploration Program (ExEP) Science Gap List,Other,https://arxiv.org/pdf/2507.18665v1,Lists NASA's Exoplanet Exploration Program annual science gaps needed to advance future exoplanet characterization and biosignature missions.,
131,Towards the Habitable Worlds Observatory - 1D CNN Retrieval of Reflection Spectra from Evolving Earth Analogs,Other,https://arxiv.org/pdf/2508.00076v1,Trains a 1D CNN to retrieve molecular abundances and biosignatures from simulated reflection spectra of evolving Earth-like exoplanets for future HWO observations.,
132,Artificial Broadcasts as Galactic Populations III. Constraints on Radio Broadcasts from the Cosmic Population of Inhabited Galaxies,Signals,https://arxiv.org/pdf/2508.00249v1,"Uses radio source count and SETI survey field limits to constrain the abundance of artificial radio broadcast populations from inhabited galaxies, including Kardashev Type III limits.",
133,Unveiling the Atmosphere of HR 7672 B from the Near-Infrared High-Resolution Spectrum Using REACH-Subaru,Other,https://arxiv.org/pdf/2508.01281v1,"Reports a near-infrared high-resolution atmospheric retrieval of brown dwarf HR 7672 B using the REACH/Subaru instrument, identifying H2O, FeH, and cloud opacity.",
134,Testing Gamma-Hadron Separation for Ultra-High-Energy Cherenkov Astronomy,Signals,https://arxiv.org/pdf/2508.01354v1,"Presents gamma/hadron separation simulations for the Dark100/PANOSETI Cherenkov telescope array, part of an optical/high-energy SETI-linked instrument used for dark matter and transient searches.",
135,21st-Century Astrobiology Missions Should Seek These High-Confidence Biosignatures in Mid-Latitude Martian Ice,Other,https://arxiv.org/pdf/2508.02746v1,"White paper identifying high-confidence agnostic biosignature targets (biopolymers, homochirality, chiral metabolism) for future astrobiology missions to Martian mid-latitude ice.",
136,Development of PANOSETI Telescopes for Ultra-High-Energy Gamma-Ray Astronomy,Signals,https://arxiv.org/pdf/2508.05548v1,"Describes development and deployment of PANOSETI's Fresnel-lens optical/UHE gamma-ray telescopes, part of the Dark100 array combining SETI and astroparticle science.",
137,K2-18b Does Not Meet The Standards of Evidence For Life,Other,https://arxiv.org/pdf/2508.05961v2,"Reanalyzes JWST data of K2-18b using independent methods, finding MIRI instrumental systematics undermine the reported DMS/DMDS biosignature evidence.",
138,A 2821 Star Optical SETI Survey using ESO HARPS archival data,Signals,https://arxiv.org/pdf/2508.08628v1,"Conducts an optical SETI survey of 2,821 stars using archival HARPS spectra, narrowing thousands of laser-like spectral spikes down to 3 unexplained candidates warranting follow-up.",
139,Luminaries in the Sky - The TESS Legacy Sample of Bright Stars. I. Asteroseismic detections in naked-eye main-sequence and sub-giant solar-like oscillators,Other,https://arxiv.org/pdf/2508.08699v1,"Detects solar-like asteroseismic oscillations in 196 bright TESS stars, expanding the benchmark sample useful for future HWO and PLATO target characterization.",
140,The Loeb Scale - Astronomical Classification of Interstellar Objects,Artefacts,https://arxiv.org/pdf/2508.09167v1,"Introduces the Loeb Scale, a 0-10 classification system extending the Torino Scale to systematically evaluate interstellar objects for potential technosignatures/artificial origin.",
141,Arecibo Wow! II - Revised Properties of the Wow! Signal from Archival Ohio SETI Data,Signals,https://arxiv.org/pdf/2508.10657v1,"Re-analyzes archival Ohio SETI data to revise the location, intensity, and frequency of the famous 1977 Wow! Signal, supporting an astrophysical rather than artificial origin.",
142,Identifying Habitable Exoplanets with Radio Telescopes on the Lunar Farside,Other,https://arxiv.org/pdf/2508.14126v1,Presents lunar farside radio array concepts for detecting exoplanet magnetospheres via low-frequency radio emission to prioritize biosignature follow-up targets.,
143,Detecting Extraterrestrial Civilizations That Employ an Earth-level Deep Space Network,Signals,https://arxiv.org/pdf/2508.15425v1,Analyzes NASA Deep Space Network transmission logs to identify optimal SETI target-selection and scheduling strategies for detecting civilizations using similar deep-space networks.,
144,Technosignature Searches of Interstellar Objects,Artefacts,https://arxiv.org/pdf/2508.16825v1,"Reviews interstellar objects as targets for technosignature searches, outlining four classes of technosignatures suited to ISO follow-up ahead of the LSST era.",
145,The Adaptive Communication Framework (ACF) for Extraterrestrial Intelligence Discovery,Signals,https://arxiv.org/pdf/2508.18287v1,"Proposes the Adaptive Communication Framework, a crisis-communication protocol calibrated to the Loeb Scale for managing public messaging around a potential technosignature discovery.",
146,VIPER - A high-resolution multimode fiber-fed VIPA spectrograph concept for characterizing exoplanet atmospheric escape,Other,https://arxiv.org/pdf/2508.20169v1,"Presents the design of VIPER, a high-resolution VIPA-based spectrograph for detecting helium-line atmospheric escape and oxygen biosignatures in exoplanets.",
147,The Ongoing Decline in Activity of Comet 103P-Hartley 2,Other,https://arxiv.org/pdf/2508.20215v1,Reports citizen-astronomer photometric observations showing continued long-term activity decline of Jupiter-family Comet 103P/Hartley 2.,
148,A Deep SETI Search for Technosignatures in the TRAPPIST-1 System with FAST,Signals,https://arxiv.org/pdf/2509.06310v1,"Reports a FAST radio telescope narrowband SETI search of the TRAPPIST-1 system, finding no technosignature candidates and setting new transmitter power limits.",
149,Dual-Backend Multibeam Position Switching Targeted SETI Observations toward Nearby Active Planet-Hosting Systems with FAST,Signals,https://arxiv.org/pdf/2509.09654v1,"Reports a FAST radio telescope targeted SETI search for narrowband technosignatures toward 7 nearby active planet-hosting stars, with no credible detections and new transmitter power limits.",
150,Progress toward a demonstration of high contrast imaging at ultraviolet wavelengths,Other,https://arxiv.org/pdf/2509.09780v1,Reports progress toward demonstrating ultraviolet coronagraphy on a vacuum testbed to support HWO's detection of ozone biosignatures.,
151,Hybrid Strategy for Coordinated Interstellar Signaling - Linking the Galactic Center and Extragalactic Bursts,Signals,https://arxiv.org/pdf/2509.20718v1,Proposes a hybrid SETI signaling strategy using the Galactic Center as a spatial reference and extragalactic bursts like GRB 221009A as temporal markers to narrow the search parameter space.,
152,Starshades as technosignatures in direct imaging phase curves - Application to the Habitable Worlds Observatory targets,Infrastructure,https://arxiv.org/pdf/2509.22301v1,"Simulates direct-imaging phase curve signatures of hypothetical starshades around HWO target stars, proposing them as a detectable technosignature of advanced civilizations.",
153,Blink and you'll miss it - How Technological Acceleration Shrinks SETI's Narrow Detection Window,Signals,https://arxiv.org/pdf/2509.23632v1,"Argues advanced civilizations' rapid technological acceleration shrinks SETI's detection window, proposing technology-agnostic searches beyond narrowband radio/optical signals.",
154,Colors of Life in the Clouds - Biopigments of atmospheric microorganisms as a new signature to detect life on planets like Earth,Other,https://arxiv.org/pdf/2509.25173v2,Presents the first reflectance spectra of atmospheric microorganism biopigments as a novel atmospheric biosignature for detecting life in planetary clouds.,
155,Technosignatures of Self-Replicating Probes in the Solar System,Artefacts,https://arxiv.org/pdf/2510.00082v1,"Explores solar system technosignatures of self-replicating interstellar probes, proposing the Moon as a manufacturing base with detectable isotopic and artefact signatures.",
156,Foundation Models for Astrobiology - Paper I - Workshop and Overview,Other,https://arxiv.org/pdf/2510.08636v1,Summarizes a NASA/SETI Institute workshop on developing Foundation Models for astrobiology applications like biosignature characterization and mission operations.,
157,SETI Post-Detection Protocols - Progress Towards a New Version,Signals,https://arxiv.org/pdf/2510.14506v1,"Presents a revised IAA Declaration of Principles, updating SETI post-detection protocols for responding to a potential extraterrestrial signal detection.",
158,Evaluating Habitability and Biosignature Detection on TOI-700 d - The Role of UV Environment and Atmospheric Pressure,Other,https://arxiv.org/pdf/2510.14776v1,"Models UV flux and atmospheric pressure scenarios for TOI-700 d, finding habitability plausible while noting hazes both hinder and aid biosignature detectability.",
159,A Cost-Effective Search for Extraterrestrial Probes in the Solar System,Artefacts,https://arxiv.org/pdf/2510.17907v1,"Describes four low-cost methods for detecting extraterrestrial probes/artefacts in the Solar System, demonstrating a proof-of-concept search using Earth's shadow and ZTF data.",
160,In space there will be no need to scream - Limits to the presence of giant planets in the zeta2 Ret system,Signals,https://arxiv.org/pdf/2510.26483v1,"Uses 28.8 years of radial velocity data to rule out the proposed giant planet Calpamos around zeta2 Reticuli, the suspected source of a claimed technological signal.",
161,Molecular diversity as a biosignature,Other,https://arxiv.org/pdf/2511.00525v1,"Introduces molecular diversity of amino/fatty acids, measured via ecodiversity metrics, as a new class of biosignature distinguishing biotic from abiotic samples.",
162,Upper Limits on Radio Emission from the K2-18 System,Other,https://arxiv.org/pdf/2511.05427v1,"Uses VLA radio observations to place upper limits on stellar/coherent radio emission from the K2-18 system, constraining its magnetic activity environment.",
163,Are We There Yet Challenges in Quantifying the Frequency of Earth Analogs in the Habitable Zone,Other,https://arxiv.org/pdf/2511.05660v1,"Reviews current estimates and limitations in determining eta-Earth, the occurrence rate of Earth-like planets in habitable zones of Sun-like stars.",
164,A Firefly-inspired Model for Deciphering the Alien,Signals,https://arxiv.org/pdf/2511.06139v1,"Presents a firefly-inspired model for detecting technosignatures via structural signal dissimilarity from natural backgrounds, tested on pulsar data.",
165,Abiogenesis on Different Star Types - a Dissipative Photochemical Perspective,Other,https://arxiv.org/pdf/2511.08624v1,"Analyzes stellar UV spectra across star types to assess which are thermodynamically favorable for abiogenesis via photon-dissipative structuring, favoring F/G/K stars.",
166,Habitable from the start - How initial planetary formation conditions may create habitable worlds,Other,https://arxiv.org/pdf/2511.16714v1,Advocates for studying planet formation conditions and bulk planetary chemistry as key drivers of long-term habitability in exoplanetary systems.,
167,Simulating the Stellar Bycatch - Constraining the Prevalence of Extraterrestrial Transmitters within Radio SETI Surveys,Signals,https://arxiv.org/pdf/2511.20231v1,"Uses the Besancon Galactic Model to simulate stellar 'bycatch' in Breakthrough Listen radio SETI surveys, deriving tighter statistical limits on extraterrestrial transmitter prevalence.",
168,Projections of Earth's Technosphere - Strategies for Observing Technosignatures on Terrestrial Exoplanets,Infrastructure,https://arxiv.org/pdf/2511.20329v1,"Uses ten future Earth technosphere scenarios to propose a stepwise technosignature search strategy, finding industrial/agricultural atmospheric gas pairs (e.g. CO2+NO2) detectable by HWO and LIFE.",
169,Projections of Earth's Technosphere - Strategies for Observing Technosignatures on Terrestrial Exoplanets,Infrastructure,https://arxiv.org/pdf/2511.20329v2,"Uses ten future Earth technosphere scenarios to propose a stepwise technosignature search strategy, finding industrial/agricultural atmospheric gas pairs (e.g. CO2+NO2) detectable by HWO and LIFE.",
170,The FAST-SETI Milky Way Globular Cluster Survey I - A Pilot Multibeam On-the-Fly Search of Five Globular Clusters at L-Band,Signals,https://arxiv.org/pdf/2511.21085v1,"Reports a FAST multibeam narrowband technosignature search of five Milky Way globular clusters, yielding a null result and new EIRP limits on radio beacons in dense stellar systems.",
171,The FAST-SETI Milky Way Globular Cluster Survey I - A Pilot Multibeam On-the-Fly Search of Five Globular Clusters at L-Band,Signals,https://arxiv.org/pdf/2511.21085v2,"Reports a FAST multibeam narrowband technosignature search of five Milky Way globular clusters, yielding a null result and new EIRP limits on radio beacons in dense stellar systems.",
172,Responsible Discovery in Astrobiology - Lessons from Four Controversial Claims,Other,https://arxiv.org/pdf/2512.04122v1,"Examines four historical astrobiology controversy case studies (Mars canals, Viking, Venus phosphine, BLC1) to draw lessons for responsible handling of future life-detection claims.",
173,Microlensing Signatures of Dyson Sphere-like Structures around Primordial Black Holes as Technosignatures of Extraterrestrial Advanced Civilizations,Infrastructure,https://arxiv.org/pdf/2512.07924v1,Proposes a probabilistic microlensing framework to detect Dyson Sphere-like swarm structures around primordial black holes as a technosignature of advanced civilizations.,
174,The Eschatian Hypothesis,Signals,https://arxiv.org/pdf/2512.09970v1,"Proposes the Eschatian Hypothesis: the first confirmed technosignature detection is likely to come from an atypically 'loud,' possibly unstable or terminal-phase civilization.",
175,"Detectability of Atmospheric Biosignatures in Earth Analogs with Varying Surface Boundary Conditions - Prospects for Characterization in the UV, Visible, Near-Infrared, and Mid-Infrared Regions",Other,https://arxiv.org/pdf/2512.10277v1,Models reflection and thermal emission spectra of Earth-analog atmospheres under varying surface conditions to assess biosignature detectability with HWO and LIFE mission concepts.,
176,Observational evidence of tidal torque in the primordial Universe,Other,https://arxiv.org/pdf/2512.11383v1,"Detects a strong directional correlation between galaxy gas angular momenta and the primordial tidal field, confirming tidal torque theory predictions for the early universe.",
177,An Improved Machine Learning Approach for RFI Mitigation in FAST-SETI Survey Archival Data,Signals,https://arxiv.org/pdf/2512.15809v1,"Applies a DBSCAN machine learning algorithm to mitigate residual radio frequency interference in FAST-SETI archival technosignature survey data, improving removal rate and speed.",
178,A Search for Radio Technosignatures from Interstellar Object 3I-ATLAS with the Allen Telescope Array,Signals,https://arxiv.org/pdf/2512.18142v1,"Reports a radio technosignature search of interstellar object 3I/ATLAS using the Allen Telescope Array, finding no credible signals and setting EIRP limits of 10-110 W.",
179,Optical SETI at ESO in the 2040s,Signals,https://arxiv.org/pdf/2512.18903v1,Outlines a plan for ESO to conduct optical SETI searches for artificial laser communication using extreme multiplexity spectroscopic facilities by the 2040s.,
180,Breakthrough Listen Observations of 3I-ATLAS with the Green Bank Telescope at 1-12 GHz,Signals,https://arxiv.org/pdf/2512.19763v1,"Reports a Breakthrough Listen radio technosignature search of interstellar object 3I/ATLAS at its closest approach using the Green Bank Telescope, with a nondetection down to 100 mW.",
181,NASA Decadal Astrobiology Research and Exploration Strategy (NASA-DARES 2025) White Paper - Habitable Worlds Observatory Living Worlds Science Cases - Research Gaps and Needs,Other,https://arxiv.org/pdf/2601.06386v1,NASA DARES white paper outlining HWO Living Worlds Working Group biosignature science cases and identifying key astrobiology research gaps needed ahead of the mission.,
182,WISE-CatWISE Constraints on Dysonian Waste-Heat Technosignatures in Nearby Galaxies,Infrastructure,https://arxiv.org/pdf/2601.07297v1,"Uses WISE/CatWISE mid-infrared photometry of nearby galaxies to place upper limits on galaxy-scale Dysonian waste-heat technosignatures, constraining Kardashev Type III civilization prevalence.",
183,Direct detection of hydrogen reveals a new macroscopic crustal water reservoir on early Mars,Other,https://arxiv.org/pdf/2601.08390v1,Uses neutron and X-ray computed tomography on a Martian meteorite to reveal a macroscopic crustal water reservoir of hydrated iron oxyhydroxides on early Mars.,
184,Habitable Worlds Observatory Living Worlds Working Group - Surface Biosignatures on Potentially Habitable Exoplanets,Other,https://arxiv.org/pdf/2601.08883v1,Assesses HWO measurement requirements for detecting surface biosignatures like photosynthetic pigments on potentially habitable exoplanets across Earth's geologic history.,
185,SETI Observations of k-Hz Periodic Radio Signals from Five Nearby Stars with FAST at L Band,Signals,https://arxiv.org/pdf/2601.14630v1,"Reports a FAST radio SETI search for kHz-wide periodic signals from five nearby stars, finding no convincing detections and setting stringent EIRP limits on periodic beacons.",
186,Climates of Terrestrial Exoplanets and Biosignatures,Other,https://arxiv.org/pdf/2601.20620v1,"Reviews 12 years of NCCR PlanetS contributions to climate modeling, atmospheric retrieval, and instrumentation for characterizing terrestrial exoplanet biosignatures.",
187,Climates of Terrestrial Exoplanets and Biosignatures,Other,https://arxiv.org/pdf/2601.20620v2,"Reviews 12 years of NCCR PlanetS contributions to climate modeling, atmospheric retrieval, and instrumentation for characterizing terrestrial exoplanet biosignatures.",
188,"The power of polarimetry for characterising exoplanet atmospheres, clouds, and surfaces with NASA's Habitable Worlds Observatory",Other,https://arxiv.org/pdf/2601.20902v1,"Advocates for adding spectropolarimetric capability to HWO's instrument suite to better characterize exoplanet clouds, atmospheres, and surfaces.",
189,Critical Evaluation of Studies Alleging Evidence for Technosignatures in the POSS1-E Photographic Plates,Artefacts,https://arxiv.org/pdf/2601.21946v1,"Critically reexamines claims of glinting artificial-object technosignatures in pre-Sputnik POSS1 photographic plates, finding the reported anomalies and correlations do not hold up under scrutiny.",
190,Critical Evaluation of Studies Alleging Evidence for Technosignatures in the POSS1-E Photographic Plates,Artefacts,https://arxiv.org/pdf/2601.21946v2,"Critically reexamines claims of glinting artificial-object technosignatures in pre-Sputnik POSS1 photographic plates, finding the reported anomalies and correlations do not hold up under scrutiny.",
191,A Narrowband Technosignature Search Toward the Hycean Candidate K2-18b Using the VLA and MeerKAT,Signals,https://arxiv.org/pdf/2602.09553v1,"Reports a coordinated VLA and MeerKAT narrowband radio technosignature search of Hycean candidate K2-18b, finding no artificial signals and setting the first interferometric limits for this planet type.",
192,"Early Architecture Concepts for the Habitable Worlds Observatory - System Design, Modeling, and Analysis",Other,https://arxiv.org/pdf/2602.11046v1,"Describes early architecture design concepts, system modeling, and trade studies for NASA's Habitable Worlds Observatory flagship mission.",
193,A Response to paper Critical Evaluation of Studies Alleging Evidence for Technosignatures in the POSS1-E Photographic Plates by Watters et al. (2026),Artefacts,https://arxiv.org/pdf/2602.15171v1,"Rebuts a critique of earlier POSS1 photographic-plate technosignature studies, defending the statistical methodology behind the reported Earth-shadow deficit and anomaly clusters.",
194,Undetected past contacts with technological species - implications for technosignature science,Signals,https://arxiv.org/pdf/2602.17736v1,"Uses Bayesian inference to show that undetected past technosignature contacts within a few hundred light-years would require implausibly large numbers of emitters, suggesting searches should extend thousands of light-years.",
195,Stellar engines and Dyson bubbles can be stable,Propulsion methods,https://arxiv.org/pdf/2603.00203v1,"Models the orbital dynamics of ultra-large stellar engines and Dyson bubbles, showing non-uniform reflector designs can achieve passive stability, informing what such technosignatures might look like.",
196,Rotational Doppler Cartography of Technosignatures on Unresolved Planets,Signals,https://arxiv.org/pdf/2603.01032v1,Develops a forward-inverse method exploiting planetary-rotation Doppler drift to reconstruct the spatial distribution of radio transmitters on an unresolved Earth-like technosignature source.,
197,Broadband SETI - a New Strategy To Find Nearby Alien Civilizations,Signals,https://arxiv.org/pdf/2603.07333v1,"Proposes 'Broadband SETI,' repurposing extensive non-SETI radio/optical surveys to constrain the prevalence of nearby communicative civilizations and alien probes.",
198,Broadband SETI - a New Strategy To Find Nearby Alien Civilizations,Signals,https://arxiv.org/pdf/2603.07333v2,"Proposes 'Broadband SETI,' repurposing extensive non-SETI radio/optical surveys to constrain the prevalence of nearby communicative civilizations and alien probes.",
199,The Key to Unlocking Exoplanet Biosignatures - a UK-led IR Spectrograph for the Habitable Worlds Observatory Coronagraph,Other,https://arxiv.org/pdf/2603.09321v1,White paper proposing a UK-led near-infrared integral field spectrograph for the HWO coronagraph to help detect exoplanet biosignatures like simultaneous O2 and CH4.,
200,Oxygenated False Positive Biosignatures in Mars-like Exoplanet Atmospheres,Other,https://arxiv.org/pdf/2603.11017v1,"Uses photochemical simulations of Mars-like exoplanet atmospheres to reassess how much abiotic O2/O3 can accumulate via CO2 photolysis, revising earlier false-positive estimates downward.",
201,Masses of Potentially Habitable Planets Characterized by the Habitable Worlds Observatory,Other,https://arxiv.org/pdf/2603.11146v1,"Assesses the astrometric precision needed for HWO to measure ~10% mass precision for directly imaged Earth-analog exoplanets, key for interpreting their atmospheric biosignatures.",
202,Gamma Ray Bursts Effects on Extinction and Survivability in the Galaxy,Other,https://arxiv.org/pdf/2603.18250v1,"Models how gamma-ray bursts could act as evolutionary filters limiting complex life near the galactic center, discussing implications for biosignature and technosignature searches.",
203,Organosulfur Chemistry on sub-Neptunes - Implications for hazes and biosignatures,Other,https://arxiv.org/pdf/2603.18923v1,"Tests abiotic formation pathways for DMS/DMDS on K2-18b, finding hydrocarbons like C2H6 are a plausible alternative explanation and modeling sulfur haze formation in sub-Neptune atmospheres.",
204,Narrowband Radio Technosignature Search toward 3I-ATLAS with FAST,Signals,https://arxiv.org/pdf/2603.19023v1,"Reports a FAST radio technosignature search of interstellar object 3I/ATLAS across four observing epochs, finding no credible signals and using Bayesian inference to constrain hypothetical transmitters.",
205,Ecological modelling of hycean worlds,Other,https://arxiv.org/pdf/2603.22491v1,"Applies Lotka-Volterra ecological models to simulate microbial population dynamics in hycean-world water columns, exploring biosignature interpretation for such planets.",
206,Subsurface ocean salinity and dissipation rate inferred from Enceladus ice shell morphology,Other,https://arxiv.org/pdf/2603.22602v1,Uses Enceladus's ice shell morphology and ocean circulation modeling to constrain the salinity and heat dissipation rate of its subsurface ocean.,
207,Exoplanet Search and Characterization with the Proposed POET Canadian Space Mission,Other,https://arxiv.org/pdf/2603.24485v1,"Describes the proposed Canadian POET microsatellite mission for tri-band photometric transit characterization of exoplanets, including ultracool dwarf habitable-zone searches.",
208,Quantifying Building Blocks of Life in Planetary Analog Materials - Implications for Prebiotic Chemistry and Biosignature Identification,Other,https://arxiv.org/pdf/2603.27598v1,"Develops a GC-MS/MS method to quantify 56 prebiotic molecules in Titan and Martian analog materials, identifying amino acids as robust biosignature candidates.",
209,Plan 9 - Detecting Atmospheric Deterrence Against Interstellar Monsters,Other,https://arxiv.org/pdf/2603.28895v1,"A satirical April Fools paper modeling exoplanet atmospheric 'monster deterrents' (garlic-like sulfur gases, silver hazes, salt aerosols) as folklore-inspired spectral signatures.",
210,On The Detection of Digiorno-like Objects in the Flavor Zone,Other,https://arxiv.org/pdf/2603.28977v1,"A satirical April Fools paper proposing a SETI search for star-powered food-warming objects in a hypothetical planetary 'Flavor Zone,' concluding such objects are undetectable.",
211,First Detection of Exoplanetary Cannabinoids - Evidence for THC and CBD in the Atmosphere of K2-18b,Other,https://arxiv.org/pdf/2603.29700v1,A satirical April Fools paper claiming JWST detection of cannabinoid molecules in K2-18b's atmosphere and proposing a 'Cannabis Habitable Zone' framework.,
212,A TESS Test of the Hybrid Ring Strategy for Technosignature Searches Using GRB 221009A,Signals,https://arxiv.org/pdf/2604.06807v1,"Uses TESS light curves to test the hybrid ring coordinated-signaling strategy anchored to GRB 221009A, finding candidate brightenings but attributing them to instrumental effects.",
213,First Lunar Farside SETI Observations for Periodic Signals with the Low-frequency Radio Spectrometer of Chang'E-4 Mission,Signals,https://arxiv.org/pdf/2604.07920v1,"Reports the first lunar farside radio SETI search for periodic technosignatures using Chang'E-4 low-frequency data, finding no credible artificial signal candidates.",
214,Spectral signatures from the habitable zone,Signals,https://arxiv.org/pdf/2604.08993v1,"Presents signal-to-noise calculations for detecting Earth's O2 biosignature versus an enhanced hydrogen iodine technosignature, finding the latter too weak to realistically constrain with current concepts.",
215,"Active moons in our Solar System and beyond - Io, Europa, Enceladus, Triton, and exomoons",Other,https://arxiv.org/pdf/2604.12104v1,"Reviews outgassing/plume signatures of active moons (Io, Europa, Enceladus, Triton) and Io-like exomoons, and their potential for biosignature investigation.",
216,Projections of Earth's Technosphere - Civilization Collapse-Recovery Dynamics and Detectability,Signals,https://arxiv.org/pdf/2604.13774v1,"Models civilization collapse-recovery duty cycles over 1000 years, arguing the absence of detected extraterrestrial technosignatures may reflect low-duty-cycle civilizations rather than the rarity of intelligent life.",
217,Combining spectroscopy and wavefront control at deep contrast with photonic lanterns,Other,https://arxiv.org/pdf/2604.14276v1,Presents photonic lantern devices combining spectroscopy and wavefront sensing to help HWO achieve the deep contrast needed for exoplanet biosignature characterization.,
218,Stellar Coronal Mass Ejections with HWO - A Science Case Concept,Other,https://arxiv.org/pdf/2604.16746v1,"Makes the case for designing HWO to detect stellar coronal mass ejections, which can deplete ozone and threaten biosignature gases on orbiting exoplanets.",
219,Stellar Coronal Mass Ejections with HWO - A Science Case Concept,Other,https://arxiv.org/pdf/2604.16746v2,"Makes the case for designing HWO to detect stellar coronal mass ejections, which can deplete ozone and threaten biosignature gases on orbiting exoplanets.",
220,Laser-based mass spectrometry for the detection of signatures of life within our Solar System,Other,https://arxiv.org/pdf/2604.18749v1,"Reviews Laser Ionisation Mass Spectrometry capabilities for detecting biosignatures (microstructures, isotope fractionation, organics) on future Solar System astrobiology missions.",
221,From Anomaly to Candidate Technosignature - The Threshold Problem of the Loeb Scale,Artefacts,https://arxiv.org/pdf/2604.20896v1,"Examines the philosophical/epistemic status of 'candidate technosignature' classifications like Level 4 on the Loeb Scale for anomalous interstellar objects, arguing it justifies methodological escalation, not belief.",
222,The Dyson Minds 2025 Workshop - SETI around Black Holes,Infrastructure,https://arxiv.org/pdf/2604.21886v1,Summarizes a workshop on 'Dyson Minds'—hypothetical post-biological intelligences powered by supermassive black holes—and observational strategies for detecting such megastructure technosignatures.,
223,RSCL Earth Lookback Simulator - A Real-Time Multi-Physics Framework for Relativistic Signal Propagation from Confirmed Milky Way Exoplanets,Signals,https://arxiv.org/pdf/2604.24988v1,Introduces an open-source browser-based simulator modeling relativistic signal propagation effects for SETI and exoplanet applications across 62 confirmed Milky Way exoplanets.,
224,The effect of spectral resolution on biosignature detection via reflected light observations of the Earth through time,Other,https://arxiv.org/pdf/2604.26925v1,Determines the spectral resolving power HWO needs across visible/UV/near-IR bands to reliably detect biosignature gases in Earth-like atmospheres through geologic time.,
225,Impact of Climate States and Seasons on Future Exo-Earth Observations,Other,https://arxiv.org/pdf/2605.04187v1,Models how planetary climate states and seasonal obliquity affect reflectance spectra and biosignature detectability for future direct-imaging missions like HWO.,
226,Results of ten years of UCLA SETI searches with the Green Bank Telescope,Signals,https://arxiv.org/pdf/2605.05408v1,"Reports results from ten years of UCLA's narrowband radio SETI search with the Green Bank Telescope across 70,000+ stars, all candidates confirmed anthropogenic, setting stringent transmitter prevalence limits.",
227,Results of ten years of UCLA SETI searches with the Green Bank Telescope,Signals,https://arxiv.org/pdf/2605.05408v2,"Reports results from ten years of UCLA's narrowband radio SETI search with the Green Bank Telescope across 70,000+ stars, all candidates confirmed anthropogenic, setting stringent transmitter prevalence limits.",
228,Phase-Space Crystallization in Galactic Globular Clusters - A Gaia-Based Metric and Implications for Technosignature Searches,Infrastructure,https://arxiv.org/pdf/2605.06072v1,"Develops a Gaia-based 'crystallization index' quantifying ordered structure in globular cluster dynamics, providing a metric for prioritizing clusters for technosignature-oriented follow-up.",
229,"The Good, the Bad, and the Subtle - Relativistic mode sums for neutron-star tidal response",Other,https://arxiv.org/pdf/2605.08569v1,"Develops a relativistic mode-sum framework for neutron-star tidal response during binary inspiral, unrelated to exoplanets or SETI.",
230,Isolating Broadband Radio Technosignatures (BRaTs) - A Framework for Detecting Planetary-Scale Leakage,Signals,https://arxiv.org/pdf/2605.10212v1,"Proposes a hierarchical framework using SKA-era wide-field surveys and VLBI follow-up to detect planetary-scale broadband radio leakage technosignatures, extending Kardashev Type I detection to 100 pc.",
231,Mineral False Positives in the Search for Exoplanet Surface Biosignatures,Other,https://arxiv.org/pdf/2605.10646v1,"Surveys mineral reflectance databases to identify non-biological minerals that mimic the vegetation red edge, a key surface biosignature feature HWO will search for.",
232,The HAges Catalog - Stellar Ages for High Priority HWO Target Stars,Other,https://arxiv.org/pdf/2605.12647v1,Compiles a catalog of stellar ages for 659 high-priority HWO target stars to help interpret evolutionary trends in exoplanet biosignatures.,
233,A framework for evaluating biosignature potential against the abiotic baseline on ocean worlds,Other,https://arxiv.org/pdf/2605.15337v1,"Develops a framework for evaluating biosignature candidates against abiotic baselines on ocean worlds like Enceladus, showing current uncertainties can produce false negative life-detection claims.",
234,The First Remotely Detected Biosignature May Not Be the Most Common - Implications for JWST and HWO,Other,https://arxiv.org/pdf/2605.16674v1,Models detection biases showing the first remotely detected exoplanet biosignature via JWST or HWO may be an atypical outlier rather than representative of habitable planets generally.,
235,A Framework for Applying the Loeb-Turner alpha-Slope Test to Archival Photometry of Trans-Neptunian Objects,Artefacts,https://arxiv.org/pdf/2605.17098v1,"Applies the Loeb-Turner alpha-slope photometric technosignature test to trans-Neptunian object archival data, finding calibration systematics rather than genuine self-luminous anomalies among Kuiper Belt objects.",
236,Elemental Stoichiometry as an Ecological Biosignature with Applications to Life Detection,Other,https://arxiv.org/pdf/2605.19252v1,Introduces elemental stoichiometry patterns in small-molecule chemical space as a new ecological biosignature framework for distinguishing biotic from abiotic samples in planetary mission data.,
237,Methodological Synergies between Technosignature and UHE Neutrino Searches,Signals,https://arxiv.org/pdf/2605.19482v1,"Identifies methodological synergies between radio technosignature searches and ultra-high-energy neutrino experiments, proposing shared RFI-mitigation and anomaly-ranking techniques for SETI pipelines.",
238,The Era of Extremely Large Optical Telescopes The ELT,Other,https://arxiv.org/pdf/2605.20305v1,"Reviews the technological innovations and scientific potential of the Extremely Large Telescope, including its capability to characterize Earth-like exoplanet atmospheres for biosignatures.",
239,The Era of Extremely Large Optical Telescopes - The ELT,Other,https://arxiv.org/pdf/2605.20305v2,"Reviews the technological innovations and scientific potential of the Extremely Large Telescope, including its capability to characterize Earth-like exoplanet atmospheres for biosignatures.",
240,The Search for Technosignatures - a Review of Possibilities,Signals,https://arxiv.org/pdf/2605.21093v1,"A 118-page comprehensive review organizing proposed technosignatures by spatial scale, from Earth's orbit through the Solar System to stellar, galactic, and extragalactic signals.",
241,A Wavelet-Integrated Search Pipeline for Narrowband Technosignatures in FAST Observations of 33 Exoplanet Systems,Signals,https://arxiv.org/pdf/2605.23739v1,"Introduces a wavelet-based machine learning pipeline for narrowband radio technosignature detection in FAST observations of 33 exoplanet systems, improving candidate localization and filtering.",
242,A Calibrated Bayesian Search for Potential Chemical Technosignatures in Polluted White Dwarf,Artefacts,https://arxiv.org/pdf/2605.29811v1,"Develops a meteorite-calibrated Bayesian framework to search archival stellar abundance data for chemical technosignatures indicating artificially processed material, finding few strong candidates.",
243,Some Thoughts on the Future of Technosignature Searches - Constraining the Fermi Paradox,Artefacts,https://arxiv.org/pdf/2606.00463v1,"Proposes a multi-pronged technosignature strategy emphasizing Solar System searches for extraterrestrial artefacts (SETA), including micron-scale 'Arkhipov particles' in lunar regolith, to constrain the Fermi Paradox.",
244,Some Thoughts on the Future of Technosignature Searches - Constraining the Fermi Paradox,Artefacts,https://arxiv.org/pdf/2606.00463v2,"Proposes a multi-pronged technosignature strategy emphasizing Solar System searches for extraterrestrial artefacts (SETA), including micron-scale 'Arkhipov particles' in lunar regolith, to constrain the Fermi Paradox.",
245,Some Thoughts on the Future of Technosignature Searches - Constraining the Fermi Paradox,Artefacts,https://arxiv.org/pdf/2606.00463v3,"Proposes a multi-pronged technosignature strategy emphasizing Solar System searches for extraterrestrial artefacts (SETA), including micron-scale 'Arkhipov particles' in lunar regolith, to constrain the Fermi Paradox.",
246,Some Thoughts on the Future of Technosignature Searches - Constraining the Fermi Paradox,Artefacts,https://arxiv.org/pdf/2606.00463v4,"Proposes a multi-pronged technosignature strategy emphasizing Solar System searches for extraterrestrial artefacts (SETA), including micron-scale 'Arkhipov particles' in lunar regolith, to constrain the Fermi Paradox.",
247,Prospects for Astrobiology and Technosignature Searches with the Vera C. Rubin Observatory Legacy Survey of Space and Time,Signals,https://arxiv.org/pdf/2606.00574v1,Presents a coherence-based framework for using Vera Rubin Observatory LSST photometric data to flag technosignature and astrobiology candidates as structured departures from natural variability patterns.,
248,Predictive Rankings of the Probability for Temperate Terrestrial Worlds for the HWO ExEP Mission Star List,Other,https://arxiv.org/pdf/2606.04105v1,"Ranks HWO Exoplanet Exploration Program target stars by their likelihood of hosting a temperate terrestrial planet, using simulated planetary system occurrence-rate models.",
249,All-Sky Ultra-Narrowband Spectral Imaging with the OVRO-LWA - Technosignature Constraints and Axion-Like Particle Prospects,Signals,https://arxiv.org/pdf/2606.04304v1,"Reports an all-sky ultra-narrowband imaging technosignature search with OVRO-LWA at decametric wavelengths, finding no extraterrestrial signals among three candidates after detailed re-imaging.",
250,A Critical UV Legacy - A Hubble Roadmap for HWO Science Readiness,Other,https://arxiv.org/pdf/2606.05364v1,Advocates for a coordinated Hubble UV spectroscopy program of high-priority HWO target stars to constrain radiation environments needed for interpreting future biosignature observations.,
251,Ultraviolet-Driven Atmospheric Degeneracies Challenge Conventional Biosignature Frameworks for Terrestrial Planets with Ultracool M Dwarf Hosts - An Archean-Analog TRAPPIST-1 e Case Study,Other,https://arxiv.org/pdf/2606.05451v1,Uses photochemical modeling to show how uncertain UV spectra of ultracool M dwarfs like TRAPPIST-1 create degeneracies that complicate interpreting CH4/CO/O2/O3 biosignatures on Archean-analog planets.,
252,Where Not to Look - A Parametric Avoidance Model for SETI Target Selection,Signals,https://arxiv.org/pdf/2606.06692v1,"Develops a parametric stellar exclusion model using Gaia DR3 data to flag stars unlikely to host complex life, refining target prioritization for SETI surveys.",
253,Where Not to Look - A Parametric Avoidance Model for SETI Target Selection,Signals,https://arxiv.org/pdf/2606.06692v2,"Develops a parametric stellar exclusion model using Gaia DR3 data to flag stars unlikely to host complex life, refining target prioritization for SETI surveys.",
254,Dust to Dust - Prospects for Passive Technosignatures as Relics of ETI,Artefacts,https://arxiv.org/pdf/2606.08373v1,"Reviews prospects for detecting passive technosignatures that persist without upkeep, including specular reflections, X-ray binary lens flares, and surviving Dyson swarm dust as relics of extinct civilizations.",
255,Exploring Exoplanets with Interferometry,Other,https://arxiv.org/pdf/2606.10108v1,Presents the KISS workshop study report on the LIFE mid-infrared nulling interferometer concept for detecting climate gases and biosignatures on temperate terrestrial exoplanets.,
256,The Ohio SETI Program - The Last Decades,Signals,https://arxiv.org/pdf/2606.11102v1,"Reviews the final decades of the Ohio SETI Program (Big Ear), which discovered the Wow! Signal and amassed a still largely unexplored radio archive of narrowband transient events.",
257,Solar System Technosignatures,Artefacts,https://arxiv.org/pdf/2606.13797v1,"Reviews current limits on Solar System technosignatures, including probes and surface artefacts from other civilizations, finding only crude upper limits given uneven search completeness.",
258,Micron-Scale Technosignatures - How a Cubic Metre of Lunar Regolith May Begin to Constrain the Number of Past Technological Civilisations in the Galaxy,Artefacts,https://arxiv.org/pdf/2606.24028v1,"Models interstellar transport of micron-scale engineered particulate debris to the lunar regolith, using a null detection to constrain past galactic civilizations' particulate technosignature output.",
259,Micron-Scale Technosignatures - How a Cubic Metre of Lunar Regolith May Begin to Constrain the Number of Past Technological Civilisations in the Galaxy,Artefacts,https://arxiv.org/pdf/2606.24028v3,"Models interstellar transport of micron-scale engineered particulate debris to the lunar regolith, using a null detection to constrain past galactic civilizations' particulate technosignature output.",
260,An Agnostic Machine Learning Model of Photosynthetic Habitability,Other,https://arxiv.org/pdf/2606.24458v1,"Introduces an agnostic, thermodynamics-based machine learning model of photosynthetic habitability, expanding the Photosynthetic Habitable Zone estimate beyond Earth-centric assumptions.",
261,Searching for Extraterrestrial Intelligence with the SKA,Signals,https://arxiv.org/pdf/2606.27565v1,"Discusses how the Square Kilometre Array's sensitivity and field of view will advance frequency-domain radio technosignature searches, emphasizing machine learning and multi-wavelength follow-up.",
262,A Dual-Burst Geometrical Prescription for Concurrent Signaling,Signals,https://arxiv.org/pdf/2606.27664v1,Proposes a dual-burst geometrical coordination scheme using two cosmological transients as Schelling-point anchors to narrow the sky search area for concurrent interstellar signaling.,
263,Signs and Signatures of Intelligence,Artefacts,https://arxiv.org/pdf/2606.28437v1,"Proposes 'noosemiotics,' the study of structured traces ('noosignatures') that minds leave on physical or signal media, using material culture as a primary test bed for astrobiology.",
264,Periodic Radio Technosignature Search toward 3I-ATLAS with FAST,Signals,https://arxiv.org/pdf/2607.01666v1,"Reports a periodic radio technosignature search of interstellar object 3I/ATLAS using FAST and tensor decomposition methods, finding no credible artificial periodic signals.",
265,White Paper on Phototrophic Biosignatures - Research Priorities for the Search for Life on Other Worlds,Other,https://arxiv.org/pdf/2607.03106v1,"White paper identifying research priorities for phototrophic biosignatures, including diverse light-harvesting pigments and photosynthesis pathways detectable via direct imaging missions.",
266,Archival Diagnostics for Potential Background Contaminants of Project Hephaistos Dyson Sphere Candidates,Infrastructure,https://arxiv.org/pdf/2607.03619v1,"Uses archival Gaia, WISE, and optical/near-IR imaging to identify background contamination in Project Hephaistos Dyson Sphere candidate M-dwarfs, ruling out several as false positives.",
267,A search for narrowband technosignatures from LTT 3780 with the Allen Telescope Array and the Karl G. Jansky Very Large Array,Signals,https://arxiv.org/pdf/2607.07182v1,"Reports a combined ATA and VLA radio technosignature search of the LTT3780 exoplanet system, including candidate Hycean world LTT3780c, finding no candidate signals.",
268,SETI's blind spot - Technological Acceleration and fleeting technosignatures,Signals,https://arxiv.org/pdf/2607.07413v1,"Models how technological acceleration shrinks the window during which a civilization's technosignatures overlap with our detection capability, advocating broadband, technology-agnostic search strategies.",
269,Decolonizing technosignatures - Reimagining technosignatures through an Indigenist lens,Signals,https://arxiv.org/pdf/2607.07592v1,"Argues technosignature searches implicitly search for 'polluting' civilizations reflecting Earth's colonial societies, and proposes reconsidering technosignatures through an Indigenous studies lens.",
270,Stellar J-Harvesting - a novel angular momentum technosignature and first search in the Kepler field,Infrastructure,https://arxiv.org/pdf/2607.07781v1,"Introduces Stellar J-Harvesting, a technosignature where an engineered system extracts a star's rotational angular momentum, and conducts a pilot slow-rotator search in Kepler field stars.",
271,Probing the origins. III. Exoplanet demographics across Galactic birth radii,Other,https://arxiv.org/pdf/2607.07787v1,"Uses Gaia astrometry and Galactic chemical evolution models to trace exoplanet host stars' birth radii and radial migration, identifying reference populations for future habitability searches.",
272,Cradle of Life - From the Formation of Stars to Habitable Worlds with the SKAO,Signals,https://arxiv.org/pdf/2607.13867v1,"Overviews the SKAO 'Cradle of Life' science cases spanning star/planet formation, exoplanet auroral radio emission, and systematic technosignature searches across the SKA's frequency range.",
273,"Detecting habitable exoplanet atmospheres with LIFE, the Large Interferometer for Exoplanets",Other,https://arxiv.org/pdf/2607.21683v1,"White paper arguing the LIFE mid-infrared interferometer can detect a wider range of biosignatures at lower concentrations than HWO, including methane as a key false-positive discriminator.",
274,Spaceflight from Super-Earths is difficult,Propulsion methods,https://arxiv.org/pdf/1804.04727v2,"Shows that chemical rockets can still achieve escape velocity from rocky Super-Earths up to 10 Earth masses, beyond which nuclear propulsion would be required for spaceflight.",
275,Breakthrough Listen's Automated Commensal Technosignature Survey with MeerKAT,Signals,https://arxiv.org/pdf/2607.23651v1,"Describes BLUSE, Breakthrough Listen's autonomous commensal technosignature survey system on the MeerKAT array, which has processed over 1.2 million pointings since 2022.",
276,Modelling Radio Frequency Interference on the Lunar Farside,Other,https://arxiv.org/pdf/2607.24527v1,Models how growing lunar satellite traffic will increasingly contaminate the radio-quiet lunar farside environment needed for future technosignature and transient searches like LFT3.,
277,Project Hephaistos -- III. Characterizing anomalous infrared sources identified as Dyson-sphere candidates,Infrastructure,https://arxiv.org/pdf/2607.25701v1,"Follows up seven Project Hephaistos Dyson-sphere candidate M-dwarfs with new photometry/spectroscopy, finding no clear explanation for their infrared excess but noting some may be background contamination.",
278,The Lunar Farside Transients and Technology Telescope (LFT3) Mission,Signals,https://arxiv.org/pdf/2607.25762v1,"Describes the proposed LFT3 lunar farside radio telescope mission, designed to exploit the interference-free environment for technosignature searches, transients, and other radio science.",
279,Characterizing the oxidation state of rocky exoplanets with the Large Interferometer for Exoplanets (LIFE),Other,https://arxiv.org/pdf/2607.28121v1,Uses the LIFE mid-infrared interferometer simulator to show how retrieved atmospheric CO2/CH4/NH3 can distinguish the oxidation state of rocky exoplanet mantles.,
280,Early Exploration of the Scientific Discovery Space for the Habitable Worlds Observatory,Other,https://arxiv.org/pdf/2608.11294v1,"Presents 70 HWO science cases developed by NASA's START working groups spanning galaxy evolution, elemental chemistry, solar system science, and living worlds.",
281,The Ĝ Infrared Search for Extraterrestrial Civilizations with Large Energy Supplies. V. When Galaxies Glow with Industry,Infrastructure,https://arxiv.org/pdf/2608.12458v1,"Applies stellar population synthesis modeling to 129 nearby galaxies searching for galaxy-spanning Dyson sphere waste heat, finding no detections and setting population-level upper limits.",
282,Gaia DR3 Limits on Stellar Engine Technosignatures in Nearby Stars,Propulsion methods,https://arxiv.org/pdf/2608.16060v1,"Searches Gaia DR3 astrometric accelerations of 406,984 nearby stars for signatures of operating stellar engines, finding no candidates and setting population upper limits.",
283,The VLA and High-Frequency SETI: Expanding the Search for Life,Signals,https://arxiv.org/pdf/2608.18275v1,"Describes the COSMIC system's high-frequency radio technosignature search on the VLA, using Doppler drift detection on Gaia-catalogued exoplanet host stars.",
284,The Effects of M Star Age Dependent Ultraviolet Emission on Detecting and Interpreting Exoplanet Biosignatures,Other,https://arxiv.org/pdf/2608.19328v1,"Models how M-dwarf age-dependent UV flux alters photochemistry and biosignature gas abundances (CH4, O3) in Pre-Industrial and Archean Earth-like atmospheres, risking misinterpretation of ozone features.",
285,"RISTRETTO: Assembly and Testing of the Seven-spaxel, High-resolution, Diffraction-limited Spectrograph",Other,https://arxiv.org/pdf/2608.25867v1,"Reports on the assembly, lab testing, and first on-sky testing of the RISTRETTO seven-spaxel high-resolution spectrograph built for direct detection of reflected exoplanet light and biosignatures.",
286,Deep Learning-Based Coarse Alignment and Cophasing of a Distributed-Aperture Telescope. Application to the Small ExoLife Finder (SELF),Other,https://arxiv.org/pdf/2608.25173v1,"Develops a CNN-based deep learning method to estimate and correct alignment errors in the Small ExoLife Finder prototype, a testbed for the future biosignature-hunting ExoLife Finder interferometric telescope.",
287,On the Impact of Correlated Noise and Spectral Resolution on the Retrieval Analysis of the Habitable World Observatory,Other,https://arxiv.org/pdf/2608.28748v1,"Simulates HWO atmospheric retrievals to show correlated noise degrades biosignature (H2O, O2) abundance accuracy at low spectral resolution (R=140), and finds that raising resolution to R=1000 or pairing HWO with the LIFE mission substantially improves retrieval accuracy.",
288,Slysh haloes: the waste heat of cold computing as a submillimetre technosignature,Infrastructure,https://arxiv.org/pdf/2608.31153v1,"Proposes ""Slysh haloes"" -- cold, submillimetre-emitting partial Dyson swarms built by computation-dominated civilizations dissipating waste heat near the cosmic microwave background temperature -- and outlines an archival far-infrared/submillimetre search strategy, favoring M dwarfs as targets.",
289,Identifying Casual SETI Transmissions and Ultra-Faint RFI with Cumulant Imaging,Signals,https://arxiv.org/pdf/2609.04472v1,"Introduces a cumulant-imaging technique that reframes radio imaging in terms of higher-order statistical moments, suppressing natural astrophysical noise to reveal faint modulated SETI signals and RFI undetectable with standard methods.",
290,Energy deposition in planetary and exoplanetary atmospheres induced by cosmic rays,Other,https://arxiv.org/pdf/2609.10688v1,"Models how galactic cosmic rays and stellar energetic particles deposit energy in planetary atmospheres using the CosmicTransmutation code, finding that a planet's magnetic field strongly modulates the relative flux of the two particle sources and that resulting atmospheric penetration depths are shallower than earlier simpler models suggested, for both an Earth-like planet and the exoplanet K2-18b.",
291,The Science Potential of Characterizing Gas Giant Exoplanets with HWO,Other,https://arxiv.org/pdf/2609.22653v1,"Uses the EXOSIMS direct-imaging simulator to show the Habitable Worlds Observatory could detect broadband reflected light and near-IR spectral features (water, methane, ammonia) from nearby gas giants, plus rotational light-curve variability and even eclipses or oxygen biosignatures from large exomoons around ExEP target stars.",
292,Silencing the stellar glare with kernel-nulling and active phase control on photonic chips,Other,https://arxiv.org/pdf/2609.24540v1,"Reports the first lab tests of a four-beam kernel-nulling interferometer built from a single photonic-chip multimode-interferometer coupler with active phase control, demonstrating ABCD fringe-tracking and characterizing its starlight-suppression contrast limits for future exoplanet biosignature imaging.",
293,High-CO2 Climates and Observables in the Outer Habitable Zone,Other,https://arxiv.org/pdf/2609.36697v1,"Uses a 3D Generic Planetary Climate Model to simulate outer habitable zone planets with high CO2 and their spectra, showing 3D models with CO2 condensation are needed to predict habitability and distinguish habitable from non-habitable worlds with direct-imaging and transmission/emission spectroscopy.",
294,Towards a GPU-Accelerated Real-Time Imaging Pipeline for SETI at the Allen Telescope Array,Signals,https://arxiv.org/pdf/2610.06410v1,"Develops and tests a GPU-accelerated interferometric imaging and image-domain dispersion-measure search pipeline for Allen Telescope Array visibilities, recovering an injected dispersed pulse at the correct DM and processing each integration faster than real time within the CyberEther framework.",
295,Opportunity Lost in Searching for Technosignatures,Signals,https://arxiv.org/pdf/2610.05085v1,"Quantifies how growing satellite RFI occupancy, using orbital data and ~10,000 archival MWA observations, shrinks the volume available for unambiguous radio technosignature searches from Earth, and argues for protecting radio-quiet sites like the lunar farside.",
296,The Robots are Coming: Artificial Intelligence Searching for Extraterrestrial Intelligence,Signals,https://arxiv.org/pdf/2610.04449v1,"Reviews how Breakthrough Listen is applying artificial intelligence and machine learning to scale up technosignature searches across radio, optical and alert data streams, including with the Vera C. Rubin Observatory.",
297,LoFreq-SETI: A Low-Frequency Technosignature Search Pipeline for the LWA Swarm,Signals,https://arxiv.org/pdf/2610.04126v1,"Presents a narrowband technosignature search pipeline based on the Breakthrough Listen Interesting Signal Search algorithm for low-frequency (<100 MHz) LWA data, demonstrated on fast radio burst observations ahead of a campaign targeting exoplanet systems.",
